English,Hungarian,German,Hindi,Portugese,French,Spanish,Japanese,Arabic
15+ years track record,15+ éves múlttal,Mehr als 15 Jahre Erfolgsgeschichte,15+ वर्षों का ट्रैक रिकॉर्ड,Mais de 15 anos de histórico,Plus de 15 ans d'expérience,Más de 15 años de trayectoria,15年以上の実績,سجل حافل لأكثر من 15 عامًا
"125,500 people already found a broker via this tool!",Már 125 500 ember talált brókert ezzel az eszközzel!,125.500 Menschen haben über dieses Tool bereits einen Makler gefunden!,"125,500 लोगों को पहले ही इस टूल के माध्यम से ब्रोकर मिल चुका है!",125.500 pessoas já encontraram um mediador através desta ferramenta!,125 500 personnes ont déjà trouvé un courtier via cet outil !,¡125.500 personas ya encontraron un broker a través de esta herramienta!,"すでに 125,500 人がこのツールを通じてブローカーを見つけました。","125,500 شخص وجدوا بالفعل وسيطًا عبر هذه الأداة!"
Mutual funds are available,Befektetési alapok állnak rendelkezésre,Investmentfonds sind verfügbar,म्युचुअल फंड उपलब्ध हैं,Os fundos mútuos estão disponíveis,Des fonds communs de placement sont disponibles,Hay fondos mutuos disponibles,投資信託も利用可能,صناديق الاستثمار المشتركة متاحة
Best futures brokers,Legjobb határidős brókerek,Die besten Futures-Broker,सर्वश्रेष्ठ वायदा दलाल,Melhores corretores de futuros,Meilleurs courtiers à terme,Los mejores corredores de futuros,最高の先物ブローカー,أفضل وسطاء العقود الآجلة
"Access to archived threads is only available to registered users. Without this, we can only keep them for you for 1 month.",Az archivált szálakhoz csak a regisztrált felhasználók férhetnek hozzá. E nélkül csak 1 hónapig tudjuk megőrizni őket.,Der Zugriff auf archivierte Threads steht nur registrierten Benutzern zur Verfügung. Ohne diese können wir diese nur 1 Monat lang für dich aufbewahren.,"संग्रहीत थ्रेड तक पहुँच केवल पंजीकृत उपयोगकर्ताओं के लिए उपलब्ध है। इसके बिना, हम उन्हें आपके लिए केवल 1 महीने तक ही रख सकते हैं।","O acesso aos tópicos arquivados está apenas disponível para utilizadores registados. Sem isso, só poderemos mantê-los para si durante 1 mês.","L'accès aux discussions archivées n'est disponible que pour les utilisateurs enregistrés. Sans cela, nous ne pouvons les conserver pour vous que pendant 1 mois.","El acceso a los hilos archivados solo está disponible para usuarios registrados. Sin esto, solo podremos conservarlos durante 1 mes.",アーカイブされたスレッドにアクセスできるのは登録ユーザーのみです。登録されていない場合は、1 か月間しか保存できません。,لا يمكن الوصول إلى المواضيع المؤرشفة إلا للمستخدمين المسجلين. وبدون ذلك، لا يمكننا الاحتفاظ بها لك إلا لمدة شهر واحد.
across [dataPoints]+ criteria,[dataPoint]+ feltételek között,über [Datenpunkte]+ Kriterien,[dataPoints]+ मानदंड,através de [dataPoints]+ critérios,à travers [dataPoints]+ critères,a través de [dataPoints]+ criterios,[dataPoints]+ 条件全体,عبر [dataPoints]+ المعايير
Alternatives to [brokerName],A [brokerName] alternatívái,Alternativen zu [brokerName],[brokerName] के विकल्प,Alternativas para [brokerName],Alternatives à [brokerName],Alternativas a [brokerName],[brokerName] の代替,بدائل لـ [brokerName]
Available in [countryName],Elérhető itt: [countryName],Verfügbar in [countryName],[देश का नाम] में उपलब्ध,Disponível em [countryName],Disponible en [countryName],Disponible en [countryName],[countryName]で利用可能,متوفر في [countryName]
Best forex brokers,A legjobb forex brókerek,Beste Forex-Broker,सर्वश्रेष्ठ विदेशी मुद्रा दलाल,Melhores corretores forex,Meilleurs courtiers Forex,Los mejores brókers de forex,最高の外国為替ブローカー,أفضل وسطاء الفوركس
Best stock trading apps,A legjobb tőzsdei alkalmazások,Die besten Apps für den Aktienhandel,सर्वश्रेष्ठ स्टॉक ट्रेडिंग ऐप्स,Melhores aplicações de negociação de ações,Les meilleures applications de trading d'actions,Las mejores aplicaciones para operar en bolsa,最高の株式取引アプリ,أفضل تطبيقات تداول الأسهم
BrokerChooser Awards [year],BrokerChooser Awards [év],BrokerChooser Awards [Jahr],ब्रोकरचॉज़र पुरस्कार [वर्ष],Prémios BrokerChooser [ano],Prix ​​BrokerChooser [année],Premios BrokerChooser [año],BrokerChooser アワード [年],جوائز BrokerChooser [السنة]
Broker is not available in [countryTheName],A bróker nem elérhető itt: [countryTheName],Broker ist in [countryTheName] nicht verfügbar,ब्रोकर [countryTheName] में उपलब्ध नहीं है,O corretor não está disponível em [countryTheName],Le courtier n'est pas disponible en [countryTheName],El bróker no está disponible en [countryTheName],ブローカーは[countryTheName]では利用できません,الوسيط غير متاح في [countryTheName]
Calculate stock trade commission at various brokers.,Számolja ki a tőzsdei kereskedési jutalékot különböző brókereknél.,Calcule a comissão de negociação de ações em várias corretoras.,Calcule a comissão de negociação de ações em várias corretoras.,Calcule a comissão de negociação de ações em várias corretoras.,Calculez la commission de négociation d'actions auprès de différents courtiers.,Calcular la comisión por operaciones bursátiles en distintos brókers.,さまざまなブローカーでの株式取引手数料を計算します。,احسب عمولة تداول الأسهم لدى الوسطاء المختلفين.
Check out the best brokers in [country],Nézze meg a legjobb brókereket itt: [ország],Schauen Sie sich die besten Broker in [Land] an,[देश] में सर्वश्रेष्ठ ब्रोकर्स की जाँच करें,Confira os melhores mediadores em [país],Découvrez les meilleurs courtiers en [pays],Conozca los mejores brókers en [país],[国] のベストブローカーをチェック,تعرف على أفضل السماسرة في [البلد]
Complete Find My Broker questionnaire,Töltse ki a Find My Broker kérdőívet,Füllen Sie den „Find My Broker“-Fragebogen aus,मेरा ब्रोकर खोजें प्रश्नावली को पूरा करें,Preencha o questionário Find My Broker,Remplissez le questionnaire Trouver mon courtier,Completar el cuestionario Find My Broker,Find My Brokerアンケートに回答する,استبيان كامل عن Find My Broker
FX Fee Calculator,FX díjkalkulátor,FX-Gebührenrechner,एफएक्स शुल्क कैलकुलेटर,Calculadora de taxas de câmbio,Calculateur de frais de change,Calculadora de tarifas de FX,FX手数料計算機,حاسبة رسوم الصرف الأجنبي
Scam brokers to avoid,Átverés brókerek kerülni,"Betrügerische Broker, die Sie meiden sollten",घोटालेबाज दलालों से बचें,Corretores golpistas a evitar,Courtiers fraudeurs à éviter,Corredores de bolsa fraudulentos que conviene evitar,避けるべき詐欺ブローカー,وسطاء الاحتيال الذين يجب تجنبهم
[Broker name] [param name] fees are about half of the industry average.,A [bróker neve] [param name] díjai körülbelül a fele az iparági átlagnak.,"Betrügerische Broker, die Sie meiden sollten: [Brokername] [Paramname] Die Gebühren betragen etwa die Hälfte des Branchendurchschnitts.",घोटालेबाज दलालों से बचने के लिए [ब्रोकर का नाम] [परम नाम] शुल्क उद्योग औसत का लगभग आधा है।,Corretores fraudulentos a evitar As taxas do [nome do corretor] [nome do parâmetro] são cerca de metade da média do setor.,Les frais de [Nom du courtier] [Nom du paramètre] sont environ la moitié de la moyenne du secteur.,Las tarifas de [nombre del corredor] [nombre del parámetro] son ​​aproximadamente la mitad del promedio de la industria.,[ブローカー名] [パラメータ名] の手数料は業界平均の約半分です。,تبلغ رسوم [اسم الوسيط] [اسم المعلمة] حوالي نصف متوسط ​​الصناعة.
[firstBrokerName] vs [secondBrokerName] compared,[firstBrokerName] és [secondBrokerName] összehasonlítása,[firstBrokerName] vs [secondBrokerName] im Vergleich,[firstBrokerName] बनाम [secondBrokerName] की तुलना,[firstBrokerName] vs [secondBrokerName] comparado,Comparaison entre [firstBrokerName] et [secondBrokerName],Comparación de [firstBrokerName] y [secondBrokerName],[firstBrokerName]と[secondBrokerName]の比較,مقارنة بين [firstBrokerName] و[secondBrokerName]
[number] available broker in [countryName],[szám] elérhető közvetítő itt: [countryName],[Nummer] verfügbarer Broker in [Ländername],[देश का नाम] में उपलब्ध ब्रोकर की संख्या [संख्या],[número] corretor disponível em [countryName],[nombre] de courtiers disponibles en [countryName],[número] bróker disponible en [nombre del país],[countryName] で利用可能なブローカーは [number] です,[رقم] وسيط متاح في [اسم الدولة]
[number] people picked this broker at BrokerChooser in the last 6 months,[szám] ember választotta ezt a brókert a BrokerChoosernél az elmúlt 6 hónapban,[Anzahl] Personen haben diesen Broker in den letzten 6 Monaten bei BrokerChooser ausgewählt,पिछले 6 महीनों में ब्रोकरचॉज़र पर [संख्या] लोगों ने इस ब्रोकर को चुना,[número] pessoas escolheram esta corretora na BrokerChooser nos últimos 6 meses,[nombre] personnes ont choisi ce courtier sur BrokerChooser au cours des 6 derniers mois,[número] personas eligieron este bróker en BrokerChooser en los últimos 6 meses,過去 6 か月間に [数] 人が BrokerChooser でこのブローカーを選択しました,[number] من الأشخاص اختاروا هذا الوسيط في BrokerChooser خلال الأشهر الستة الماضية
[param name] fees are calculated as follows: [param description],[param name] díjak kiszámítása a következőképpen történik: [param description],[Paramname] Gebühren werden wie folgt berechnet: [Parambeschreibung],[पैरामीटर नाम] शुल्क की गणना इस प्रकार की जाती है: [पैरामीटर विवरण],As taxas de [nome do parâmetro] são calculadas da seguinte forma: [descrição do parâmetro],Les frais de [nom du paramètre] sont calculés comme suit : [description du paramètre],Las tarifas de [nombre del parámetro] se calculan de la siguiente manera: [descripción del parámetro],[パラメータ名] 手数料は次のように計算されます: [パラメータの説明],يتم حساب رسوم [اسم المعلمة] على النحو التالي: [وصف المعلمة]
[popularity] people chose this broker,[népszerűség] az emberek ezt a brókert választották,[Popularität] Leute haben diesen Broker gewählt,[लोकप्रियता] लोगों ने इस ब्रोकर को चुना,[popularidade] pessoas escolheram este corretor,[popularité] les gens ont choisi ce courtier,[popularidad] personas eligieron este corredor,[人気]人がこのブローカーを選択しました,[الشعبية] اختار الناس هذا الوسيط