,English,Hungarian,Portugese,Hindi,Spanish,French,German,Japanese,Arabic,Hungarian_placeholder,Portugese_placeholder,Hindi_placeholder,Spanish_placeholder,French_placeholder,German_placeholder,Japanese_placeholder,Arabic_placeholder
0,15+ years track record,Több mint 15 éves tapasztalat,Histórico de mais de 15 anos,15+ वर्षों का ट्रैक रिकॉर्ड,Más de 15 años de experiencia,Plus de 15 ans d'expérience,Über 15 Jahre Erfahrung,15年以上の実績,سجل حافل لأكثر من 15 عامًا,1,1,1,1,1,1,1,1
1,"125,500 people already found a broker via this tool!",125 500 ember már talált brókert ezen az eszközön keresztül!,125.500 pessoas já encontraram um corretor através desta ferramenta!,"इस टूल के माध्यम से पहले ही 125,500 लोग एक ब्रोकर पा चुके हैं!","¡125,500 personas ya encontraron un corredor a través de esta herramienta!",125 500 personnes ont déjà trouvé un courtier grâce à cet outil !,Bereits 125.500 Menschen haben über dieses Tool einen Broker gefunden!,"すでに125,500人がこのツールを通じてブローカーを見つけました！","لقد وجد 125,500 شخص بالفعل وسيطًا عبر هذه الأداة!",1,1,1,1,1,1,1,1
2,Mutual funds are available,A befektetési alapok elérhetők,Fundos mútuos estão disponíveis,म्यूचुअल फंड उपलब्ध हैं,Los fondos mutuos están disponibles,Les fonds communs de placement sont disponibles,Investmentfonds sind verfügbar,投資信託が利用可能です。,الصناديق المشتركة متاحة,1,1,1,1,1,1,1,1
3,Best futures brokers,Legjobb határidős brókerek,Melhores corretores de futuros,सर्वश्रेष्ठ फ्यूचर्स ब्रोकर,Mejores corredores de futuros,Meilleurs courtiers en contrats à terme,Beste Futures-Broker,最高の先物ブローカー,أفضل وسطاء العقود الآجلة,1,1,1,1,1,1,1,1
4,"Access to archived threads is only available to registered users. Without this, we can only keep them for you for 1 month.",A levéltári szálakhoz való hozzáférés csak regisztrált felhasználók számára elérhető. Enélkül csak 1 hónapig tudjuk megőrizni őket az Ön számára.,"O acesso a tópicos arquivados está disponível apenas para usuários registrados. Sem isso, podemos mantê-los para você por apenas 1 mês.","संग्रहीत थ्रेड्स तक पहुंच केवल पंजीकृत उपयोगकर्ताओं के लिए उपलब्ध है। इसके बिना, हम उन्हें आपके लिए केवल 1 महीने तक रख सकते हैं।","El acceso a los hilos archivados solo está disponible para usuarios registrados. Sin esto, solo podemos guardarlos para ti durante 1 mes.","L'accès aux fils archivés est uniquement disponible pour les utilisateurs enregistrés. Sans cela, nous ne pouvons les conserver pour vous que pendant 1 mois.",Der Zugriff auf archivierte Threads ist nur registrierten Benutzern vorbehalten. Ohne dies können wir sie nur 1 Monat für Sie aufbewahren.,アーカイブされたスレッドへのアクセスは登録ユーザーのみ利用可能です。これがない場合、1か月間のみ保存できます。,الوصول إلى المواضيع المؤرشفة متاح فقط للمستخدمين المسجلين. بدون ذلك، يمكننا الاحتفاظ بها لك لمدة شهر واحد فقط.,1,1,1,1,1,1,1,1
5,across [dataPoints]+ criteria,különböző [dataPoints]+ kritérium alapján,através de [dataPoints]+ critérios,[dataPoints] से अधिक मानदंडों के पार,a través de [dataPoints]+ criterios,selon [dataPoints]+ critères,über [dataPoints]+ Kriterien,[dataPoints]以上の基準にわたって,عبر [dataPoints]+ معايير,1,1,1,1,1,1,1,1
6,Alternatives to [brokerName],Alternatívák a [brokerName] helyett,Alternativas para [brokerName],[brokerName] के विकल्प,Alternativas a [brokerName],Alternatives à [brokerName],Alternativen zu [brokerName],[brokerName]の代替案,بدائل لـ [brokerName],1,1,1,1,1,1,1,1
7,Available in [countryName],Elérhető [countryName] területén,Disponível em [countryName],[countryName] में उपलब्ध,Disponible en [countryName],Disponible en [countryName],Verfügbar in [countryName],[countryName]で利用可能,متاح في [countryName],1,1,1,1,1,1,1,1
8,Best forex brokers,Legjobb forex brókerek,Melhores corretores de forex,सर्वश्रेष्ठ फॉरेक्स ब्रोकर,Mejores corredores de forex,Meilleurs courtiers forex,Beste Forex-Broker,最高の外国為替ブローカー,أفضل وسطاء الفوركس,1,1,1,1,1,1,1,1
9,Best stock trading apps,Legjobb részvénykereskedési alkalmazások,Melhores aplicativos de negociação de ações,सर्वश्रेष्ठ स्टॉक ट्रेडिंग ऐप्स,Las mejores aplicaciones para el comercio de acciones,Meilleures applications de trading d'actions,Beste Aktienhandels-Apps,最高の株取引アプリ,أفضل تطبيقات تداول الأسهم,1,1,1,1,1,1,1,1
10,BrokerChooser Awards [year],BrokerChooser Díjak [year],Prêmios BrokerChooser [year],BrokerChooser पुरस्कार [year],Premios BrokerChooser [year],Prix BrokerChooser [year],BrokerChooser Auszeichnungen [year],ブローカー・チューザー・アワード [year],جوائز BrokerChooser [year],1,1,1,1,1,1,1,1
11,Broker is not available in [countryTheName],A bróker nem elérhető [countryTheName] területén.,O corretor não está disponível em [countryTheName],[countryTheName] में ब्रोकर उपलब्ध नहीं है।,El corredor no está disponible en [countryTheName],Le courtier n'est pas disponible en [countryTheName],Der Broker ist in [countryTheName] nicht verfügbar.,ブローカーは[countryTheName]では利用できません。,الوسيط غير متاح في [countryTheName],1,1,1,1,1,1,1,1
12,Calculate stock trade commission at various brokers.,Számítsa ki a részvénykereskedési jutalékot különböző brókereknél.,Calcule a comissão de negociação de ações em vários corretores.,विभिन्न दलालों पर स्टॉक व्यापार कमीशन की गणना करें।,Calcular la comisión de operaciones bursátiles en varios corredores.,Calculez la commission sur les transactions boursières chez différents courtiers.,Berechnen Sie die Aktienhandelsprovision bei verschiedenen Brokern.,様々な証券会社で株式取引の手数料を計算する。,احسب عمولة تداول الأسهم لدى مختلف الوسطاء.,1,1,1,1,1,1,1,1
13,Check out the best brokers in [country],Nézze meg a legjobb brókereket [country] területén.,Confira os melhores corretores em [country],[country] में सर्वश्रेष्ठ दलाल देखें,Descubre los mejores corredores en [country],Découvrez les meilleurs courtiers en [country],Schauen Sie sich die besten Broker in [country] an.,[country]で最高のブローカーをチェックしてください,اطلع على أفضل الوسطاء في [country],1,1,1,1,1,1,1,1
14,Complete Find My Broker questionnaire,Töltse ki a Find My Broker kérdőívet,Complete o questionário Encontre Meu Corretor,Find My Broker प्रश्नावली पूरी करें,Completa el cuestionario Encuentra a Mi Corredor,Complétez le questionnaire Trouver Mon Courtier,"Vervollständigen Sie den Fragebogen ""Find My Broker""",「Find My Broker」アンケートに記入してください,أكمل استبيان اعثر على وسيطي,1,1,1,1,1,1,1,1
15,FX Fee Calculator,Devizaárfolyam-díj kalkulátor,Calculadora de Taxa de Câmbio,एफएक्स शुल्क कैलकुलेटर,Calculadora de tarifas FX,Calculateur de frais de change,FX-Gebührenrechner,FX手数料計算機,حاسبة رسوم الصرف الأجنبي,1,1,1,1,1,1,1,1
16,Scam brokers to avoid,Kerülendő csaló brókerek,Corretores fraudulentos a evitar,बचने के लिए धोखाधड़ी वाले दलाल,Corredores fraudulentos a evitar,Courtiers frauduleux à éviter,"Betrügerische Broker, die man vermeiden sollte",避けるべき詐欺ブローカー,السماسرة المحتالون الذين يجب تجنبهم,1,1,1,1,1,1,1,1
17,[Broker name] [param name] fees are about half of the industry average.,A [param name] díjai a [Broker name] esetében körülbelül a felét teszik ki az iparági átlagnak.,As taxas de [param name] da [Broker name] são cerca de metade da média do setor.,[Broker name] [param name] शुल्क उद्योग औसत का लगभग आधा है।,Las tarifas de [param name] de [Broker name] son aproximadamente la mitad del promedio de la industria.,Les frais de [param name] de [Broker name] sont environ la moitié de la moyenne de l'industrie.,Die [param name]-Gebühren von [Broker name] betragen etwa die Hälfte des Branchendurchschnitts.,[Broker name]の[param name]手数料は業界平均の約半分です。,رسوم [param name] الخاصة بـ [Broker name] هي حوالي نصف متوسط الصناعة.,1,1,1,1,1,1,1,1
18,[firstBrokerName] vs [secondBrokerName] compared,[firstBrokerName] és [secondBrokerName] összehasonlítva,[firstBrokerName] vs [secondBrokerName] comparados,[firstBrokerName] बनाम [secondBrokerName] की तुलना,[firstBrokerName] frente a [secondBrokerName] comparados,[firstBrokerName] comparé à [secondBrokerName],[firstBrokerName] im Vergleich zu [secondBrokerName],[firstBrokerName]と[secondBrokerName]の比較,مقارنة بين [firstBrokerName] و [secondBrokerName],1,1,1,1,1,1,1,1
19,[number] available broker in [countryName],[number] elérhető bróker [countryName] területén,[number] corretor disponível em [countryName],[number] उपलब्ध ब्रोकर [countryName] में,[number] corredor disponible en [countryName],[number] courtier disponible en [countryName],[number] verfügbarer Broker in [countryName],[number]のブローカーが[countryName]で利用可能です。,[number] وسيط متاح في [countryName],1,1,1,1,1,1,1,1
20,[number] people picked this broker at BrokerChooser in the last 6 months,[number] ember választotta ezt a brókert a BrokerChooser-nél az elmúlt 6 hónapban.,[number] pessoas escolheram este corretor na BrokerChooser nos últimos 6 meses,[number] लोगों ने पिछले 6 महीनों में BrokerChooser पर इस ब्रोकर को चुना है।,[number] personas eligieron este corredor en BrokerChooser en los últimos 6 meses,[number] personnes ont choisi ce courtier chez BrokerChooser au cours des 6 derniers mois.,[number] Personen haben in den letzten 6 Monaten diesen Broker bei BrokerChooser ausgewählt.,過去6ヶ月間で[number]人がBrokerChooserでこのブローカーを選びました。,اختار [number] شخصًا هذا الوسيط في BrokerChooser خلال الأشهر الستة الماضية.,1,1,1,1,1,1,1,1
21,[param name] fees are calculated as follows: [param description],A [param name] díjak a következőképpen kerülnek kiszámításra: [param description],As taxas de [param name] são calculadas da seguinte forma: [param description],[param name] शुल्क की गणना इस प्रकार की जाती है: [param description],Las tarifas de [param name] se calculan de la siguiente manera: [param description],Les frais [param name] sont calculés comme suit : [param description],Die [param name]-Gebühren werden wie folgt berechnet: [param description],[param name] の料金は次のように計算されます: [param description],يتم حساب رسوم [param name] كما يلي: [param description],1,1,1,1,1,1,1,1
22,[popularity] people chose this broker,Ezt a brókert [popularity] ember választotta.,[popularity] pessoas escolheram este corretor,इस दलाल को [popularity] लोगों ने चुना,[popularity] personas eligieron este corredor,[popularity] personnes ont choisi ce courtier,[popularity] Personen haben diesen Broker gewählt,[popularity] 人がこのブローカーを選びました,اختار [popularity] شخصًا هذا الوسيط.,1,1,1,1,1,1,1,1
